Category,PSA02,Name,Display Name,Brand,Custom,Hidden,Specs,Downloads,Features,Images
Fingerprint,E9C_WI-FI,E9C Wi Fi,E9C Wi Fi,eSSL,no,no,8,1,5,0
Fingerprint,F22+ID+WIFI,F22 + Wi Fi,F22 + Wi Fi,eSSL,no,no,11,3,5,0
Fingerprint,FR1200,FR 1200,FR 1200,eSSL,no,no,2,1,3,0
Fingerprint,Iclock990,I Clock 990,I Clock 990,eSSL,no,no,0,0,0,0
Fingerprint,K21-Pro,K21 Pro,K21 Pro,eSSL,no,no,6,1,4,0
Fingerprint,K30-pro,K30-pro,K 30 Pro,eSSL,no,no,8,2,5,0
Fingerprint,K90-Pro,K90 Pro,K90 Pro,eSSL,no,no,7,1,4,0
Fingerprint,SF100,SF 100,SF 100,eSSL,no,no,0,0,0,0
Fingerprint,X7,X7,X7,eSSL,no,no,5,1,5,0
Fingerprint,X990,X 990,X 990,eSSL,no,no,0,0,0,0
Fingerprint,eSSL9500,eSSL9500,eSSL9500,eSSL,no,yes,0,0,0,0
Fingerprint,f18,F 18,F 18,eSSL,no,no,0,0,0,0
Face Recognition,Jupiter,Ai Face Jupiter,Ai Face Jupiter,eSSL,no,no,0,0,0,0
Face Recognition,AiFAce-Mars,Ai Face Mars,Ai Face Mars,eSSL,no,no,0,0,0,0
Face Recognition,AiFAce-Pluto,Ai Face Pluto New,Ai Face Pluto New,eSSL,no,no,8,1,5,0
Face Recognition,AiFace-Venus,Ai Face Venus,Ai Face Venus,eSSL,no,yes,0,0,0,0
Face Recognition,AiFace_Orcus,Ai Face Orcus,Ai Face Orcus,eSSL,no,no,8,2,7,0
Face Recognition,Aiface-Magnum,Ai Face Magnum,Ai Face Magnum,eSSL,no,no,11,2,5,0
Face Recognition,Arion,Ai Face Arion,Ai Face Arion,eSSL,no,no,0,0,0,0
Face Recognition,ERIS,Ai Face ERIS,Ai Face ERIS,eSSL,no,no,11,2,5,0
Face Recognition,MB160,MB160,MB160,eSSL,no,no,0,0,0,0
Face Recognition,MB20,MB20,MB20,eSSL,no,no,0,0,0,0
Face Recognition,Magnum_lite,Ai Face Magnum Lite,Ai Face Magnum Lite,eSSL,no,no,0,0,0,0
Face Recognition,Neptune,Ai Face Neptune,Ai Face Neptune,eSSL,no,no,0,0,0,0
Face Recognition,SilkBio-101TC_1,Silk Bio 101 TC,Silk Bio 101 TC,eSSL,no,no,0,0,0,0
Face Recognition,Uranus,Ai Face Uranus,Ai Face Uranus,eSSL,no,no,0,0,0,0
Face Recognition,aiface-mercury-access,Ai Face Mercury Access,Ai Face Mercury Access,eSSL,no,no,0,0,0,0
Face Recognition,uFace301,U Face 301,U Face 301,eSSL,no,no,0,0,0,0
Face Recognition,uface-302,U Face 302,U Face 302,eSSL,no,no,0,0,0,0
Metal Detectors,D270-1-IP54,D270-1-IP54,D270-1-IP54,eSSL,no,no,0,0,0,0
Metal Detectors,D270-18-IP54,D270-18-IP54,D270-18-IP54,eSSL,no,no,0,0,0,0
Metal Detectors,D270-18-IP65,D270-18-IP65,D270-18-IP65,eSSL,no,no,0,0,0,0
Metal Detectors,D270-9-IP54,D270-9-IP54,D270-9-IP54,eSSL,no,no,0,0,0,0
Metal Detectors,D330-18-IP65,D330-18-IP65,D330-18-IP65,eSSL,no,no,0,0,0,0
Metal Detectors,D330-33-IP65,D330-33-IP65,D330-33-IP65,eSSL,no,no,0,0,0,0
Metal Detectors,D468-6,D468-6,D468-6,eSSL,no,no,0,0,0,0
Metal Detectors,D518-63-IP65,D518-63-IP65,D518-63-IP65,eSSL,no,no,0,0,0,0
Metal Detectors,D9006,D 9006,D 9006,eSSL,no,no,0,0,0,0
Metal Detectors,HM100180,HM100180,HM100180,eSSL,no,no,0,0,0,0
Metal Detectors,HM520Pro,HM520Pro,HM520Pro,eSSL,no,no,0,0,0,0
Metal Detectors,eSS05-Shoes_Scanner,eSS05 Shoes Scanner,eSS05 Shoes Scanner,eSSL,no,no,0,0,0,0
EM Locks,8-BL99-U,8-BL99-U Bracket,8-BL99-U Bracket,eSSL,no,no,0,0,0,0
EM Locks,8-MRC-80,8-MRC-80 Wirelss Remote,8-MRC-80 Wirelss Remote,eSSL,no,yes,0,0,0,0
EM Locks,8-Pushbutton-RC,8-Pushbutton-RC,8-Pushbutton-RC,eSSL,no,yes,0,0,0,0
EM Locks,BL-5-7,5 Wire Drop Bolt Lock Wooden,5 Wire Drop Bolt Lock Wooden,eSSL,no,no,0,0,0,0
EM Locks,Drop Bolt-10,2 Wire Drop Bolt Lock Wooden,2 Wire Drop Bolt Lock Wooden,eSSL,no,no,0,0,0,0
EM Locks,Drop_Bolt-10,Drop Bolt Lock Glass Door,Drop Bolt Lock Glass Door,eSSL,no,no,0,0,0,0
EM Locks,EML600-10-2,EML600-10-2,EML600-10-2,eSSL,no,yes,0,0,0,0
EM Locks,EML600-9-2,EML600-9-2,EML600-9-2,eSSL,no,no,0,0,0,0
EM Locks,EML600-9-5,EML600-9-5 (Feedback Lock),EML600-9-5 (Feedback Lock),eSSL,no,no,0,0,0,0
EM Locks,EML600D-9-2,EML600D-9-2 (Double Door),EML600D-9-2 (Double Door),eSSL,no,no,0,0,0,0
EM Locks,EML600D-9-5,EML600D-9-5 (Double Door Feedback Lock),EML600D-9-5 (Double Door Feedback Lock),eSSL,no,no,0,0,0,0
EM Locks,MRC-80,MRC-80 Wirelss Remote,MRC-80 Wirelss Remote,eSSL,no,no,0,0,0,0
EM Locks,NO_Touch-K1,No Touch,No Touch,eSSL,no,no,0,0,0,0
EM Locks,NO_Touch-SQ-7-K2,No Touch SQ,No Touch SQ,eSSL,no,no,0,0,0,0
EM Locks,PUSH-9-RC,Push Button Rectangle,Push Button Rectangle,eSSL,no,no,0,0,0,0
EM Locks,PUSH-9-SQ,Push Button Square,Push Button Square,eSSL,no,no,0,0,0,0
EM Locks,STRL-240-7,Strike Lock,Strick Lock,eSSL,no,no,0,0,0,0
EM Locks,STRL50-2,Rim Lock,Rim Lock,eSSL,no,no,0,0,0,0
Fingerprint Door Lock,FL100,FL 100 M,FL 100 M,eSSL,no,no,0,0,0,0
Fingerprint Door Lock,FL200,FL 200 M,FL 200 M,eSSL,no,no,0,0,0,0
Fingerprint Door Lock,FL300,FL 300,FL 300,eSSL,no,no,0,0,0,0
Fingerprint Door Lock,GL300,GL 300,GL 300,eSSL,no,yes,0,0,0,0
Fingerprint Door Lock,GL400,GL 400 Plus,GL 400 Plus,eSSL,no,no,0,0,0,0
Fingerprint Door Lock,TL200,TL 200,TL 200,eSSL,no,yes,0,0,0,0
Fingerprint Door Lock,TL400B,TL400B,TL400B,eSSL,no,yes,0,0,0,0
Flap Barriers,FB-E-1000,FB-E-1000,FB-E-1000,eSSL,no,no,0,0,0,0
Flap Barriers,FB-E-1200,FB-E-1200,FB-E-1200,eSSL,no,no,0,0,0,0
Flap Barriers,FB-E-2000-Series,FB-E-2000,FB-E-2000,eSSL,no,no,0,0,0,0
Flap Barriers,FB-E-2200,FB-E-2200,FB-E-2200,eSSL,no,no,0,0,0,0
Flap Barriers,FB-Y-1000,FB-Y-1000,FB-Y-1000,eSSL,no,no,0,0,0,0
Flap Barriers,FB-Y-1200,FB-Y-1200,FB-Y-1200,eSSL,no,no,0,0,0,0
Guard Patrol,GP-FINGER-101,GP-FINGER-101,GP-FINGER-101,eSSL,no,no,0,0,0,0
Guard Patrol,GP-FINGER-104,GP-FINGER-104,GP-FINGER-104,eSSL,no,no,0,0,0,0
Guard Patrol,GP-RF-105,GP-RF-105,GP-RF-105,eSSL,no,no,0,0,0,0
Guard Patrol,GP-RFID-102,GP-RFID-102,GP-RFID-102,eSSL,no,no,0,0,0,0
Hotel Lock,Energy_Saving_Switch,Energy_Saving_Switch,Energy_Saving_Switch,eSSL,no,no,0,0,0,0
Hotel Lock,HANDHELD-SERVICE-UNIT,HANDHELD-SERVICE-UNIT,HANDHELD-SERVICE-UNIT,eSSL,no,no,0,0,0,0
Hotel Lock,HL100,HL 100,HL 100,eSSL,no,no,0,0,0,0
Hotel Lock,HL200,HL 200,HL 200,eSSL,no,no,0,0,0,0
Hotel Lock,RFID_Encoder_and_Updater,RFID_Encoder_and_Updater,RFID_Encoder_and_Updater,eSSL,no,no,0,0,0,0
Hotel Lock,S50,S50,S50,eSSL,no,no,0,0,0,0
Hotel Lock,S70,S70,S70,eSSL,no,no,0,0,0,0
RFID Readers,JS-32E,JS-32E,JS-32E,eSSL,no,no,0,0,0,0
RFID Readers,JS-33E,JS-33E,JS-33E,eSSL,no,no,0,0,0,0
RFID Readers,JS-35E,JS-35E,JS-35E,eSSL,no,yes,0,0,0,0
RFID Readers,JS-36E,JS-36E,JS-36E,eSSL,no,yes,0,0,0,0
RFID Readers,JS34,JS-34,JS-34,eSSL,no,no,0,0,0,0
RFID Readers,JS500E,JS 500 E/M,JS 500 E/M,eSSL,no,no,0,0,0,0
RFID Readers,JS500M,JS500M,JS500M,eSSL,no,yes,0,0,0,0
RFID Readers,K990,K 990,K 990,eSSL,no,no,0,0,0,0
RFID Readers,KR500-E,KR 500 E/M,KR 500 E/M,eSSL,no,no,0,0,0,0
RFID Readers,KR500-M,KR500-M,KR500-M,eSSL,no,yes,0,0,0,0
RFID Readers,KR503-E,KR 503 E/M,KR 503 E/M,eSSL,no,no,0,0,0,0
RFID Readers,KR503-M,KR503-M,KR503-M,eSSL,no,yes,0,0,0,0
RFID Readers,S990,S 990,S 990,eSSL,no,no,0,0,0,0
RFID Readers,SA32-E,SA 32 E/M,SA 32 E/M,eSSL,no,no,0,0,0,0
RFID Readers,SA32-M,SA32-M,SA32-M,eSSL,no,yes,0,0,0,0
RFID Readers,SA40,SA 40,SA 40,eSSL,no,no,0,0,0,0
RFID Readers,SC-405,SC 405,SC 405,eSSL,no,no,0,0,0,0
RFID Readers,U10,U 10,U 10,eSSL,no,no,0,0,0,0
RFID Readers,U5,U 5,U 5,eSSL,no,no,0,0,0,0
RFID Readers,UR10R-1E_&_UR10R-1F,UR10R-1E_&_UR10R-1F,UR10R-1E_&_UR10R-1F,eSSL,no,yes,0,0,0,0
RFID Readers,UR10RW-F,UR10RW-F,UR10RW-F,eSSL,no,yes,0,0,0,0
Safe Lock,SAFE-101,SAFE-101,SAFE-101,eSSL,no,no,0,0,0,0
Safe Lock,SAFE-201,SAFE-201,SAFE-201,eSSL,no,no,0,0,0,0
Safe Lock,SAFE-301,SAFE-301,SAFE-301,eSSL,no,no,0,0,0,0
Boom Barrier,bg-dc-101,BG-DC-101,BG-DC-101,eSSL,no,no,0,0,0,0
Boom Barrier,bg-100-grey,BG-100 Grey,BG-100 Grey,eSSL,no,no,0,0,0,0
Turnstiles,et-1000,ET-1000,ET-1000,eSSL,no,no,0,0,0,0
Turnstiles,et-2000,ET-2000,ET-2000,eSSL,no,no,0,0,0,0
Access Control,c3-100,C3-100,C3-100,ZKTeco,no,no,0,0,0,0
Access Control,c3-200,C3-200,C3-200,ZKTeco,no,no,0,0,0,0
Access Control,c3-400,C3-400,C3-400,ZKTeco,no,no,0,0,0,0
Aadhar Devices,emerald,Emerald,Emerald,eSSL,no,no,0,0,0,0
Aadhar Devices,mantra-l1-fp-scanner,Mantra L1 FP Scanner,Mantra L1 FP Scanner,Mantra,no,no,0,0,0,0
Software Solutions,attendance,Attendance,Attendance Software,Smart Office Payroll,no,no,0,0,0,0
Software Solutions,payroll,Payroll,Payroll Software,Smart Office Payroll,no,no,0,0,0,0
Software Solutions,hrms,HRMS,HRMS,Smart Office Payroll,no,no,0,0,0,0
Fingerprint,N-BioAccess,N-Bio Access,N-Bio Access,Biomax,yes,no,0,0,0,0
Face Recognition,N-BM22-Face,N-BM22 Face,N-BM22 Face,Biomax,yes,no,11,2,6,0
Face Recognition,N-Bio101W,N-Bio 101 W,N-Bio 101 W,Biomax,yes,no,10,2,6,0
Fingerprint,VEGA+W+POE,VEGA+W+POE,VEGA+W+POE,eSSL,yes,no,10,1,5,0
Fingerprint,K40_Pro,K40 Pro,K40 Pro,ZKTeco,yes,no,0,0,0,2
Fingerprint,K45_Pro,K45 Pro,K45 Pro,ZKTeco,yes,no,0,2,0,1
Fingerprint,IN01A,IN01-A,IN01-A,ZKTeco,yes,no,0,0,0,0
Face Recognition,MB30,MB30,MB30,ZKTeco,yes,no,0,0,0,0
Face Recognition,MB360,MB360,MB360,ZKTeco,yes,no,0,0,0,0
Face Recognition,Mini_AC,Mini AC,Mini AC,ZKTeco,yes,no,0,0,0,0
Face Recognition,Speed_Face_V5L,Speed Face V5L,Speed Face V5L,ZKTeco,yes,no,0,0,0,0
Face Recognition,Face_Depot_7C,Face Depot 7C,Face Depot 7C,ZKTeco,yes,no,0,0,0,0
Face Recognition,D3,D3,D3,ZKTeco,yes,no,0,0,0,0
Face Recognition,Mini_AC_Plus,Mini AC Plus,Mini AC Plus,ZKTeco,yes,no,0,0,0,0
Face Recognition,Speed_Face_M4,Speed Face M4,Speed Face M4,ZKTeco,yes,no,0,0,0,0
Fingerprint,N_E90_Pro,NE90 Pro,NE90 Pro,Biomax,yes,no,0,0,0,0
Fingerprint,N-BM22,N-BM22,N-BM22,Biomax,yes,no,0,0,0,0
Fingerprint,N-Access10_Pro,N-Access10 Pro,N-Access10 Pro,Biomax,yes,no,0,0,0,0
Fingerprint,N-FR12,N-FR12,N-FR12,Biomax,yes,no,0,0,0,0
Face Recognition,N-BM70-W-Pro,N-BM70 W Pro,N-BM70 W Pro,Biomax,yes,no,0,0,0,0
Face Recognition,Indigo_Face6,Indigo Face 6,Indigo Face 6,Biomax,yes,no,0,0,0,0
Face Recognition,Indigo_Face8_Pro,Indigo Face 8 Pro,Indigo Face 8 Pro,Biomax,yes,no,0,0,0,0
Face Recognition,N-F22,N-F22,N-F22,Biomax,yes,no,0,0,0,0
Face Recognition,Multibio-500,Multibio 500,Multibio 500,Biomax,yes,no,0,0,0,0
Face Recognition,Multibio-300,Multibio 300,Multibio 300,Biomax,yes,no,0,0,0,0
RFID Readers,SA228,SA 228,SA 228,Biomax,yes,no,0,0,0,0
RFID Readers,KR26E,KR 26E,KR 26E,Biomax,yes,no,0,0,0,0
RFID Readers,KR5E,KR 5E,KR 5E,Biomax,yes,no,0,0,0,0
Fingerprint Door Lock,FL400,FL 400,FL300,eSSL,no,no,0,0,0,0
Fingerprint Door Lock,FL500,FL 500,FL 500,eSSL,no,no,0,0,0,0
Fingerprint Door Lock,FL600,FL 600,FL 600,eSSL,no,no,0,0,0,0
Fingerprint Door Lock,FL600SS,FL 600 SS,FL 600 SS,eSSL,no,no,0,0,0,0
Fingerprint Door Lock,FL700,FL 700,FL 700,eSSL,no,no,0,0,0,0
Fingerprint Door Lock,FL900,FL 900,FL 900,eSSL,no,no,0,0,0,0
Flap Barriers,FB-E-2216,FB-E-2216,FB-E-2216,eSSL,no,no,0,0,0,0
Swing Barriers,SB-ES-3216,SB-ES-3216,SB-ES-3216,eSSL,no,no,0,0,0,0
Swing Barriers,SB-ES-3216-2,SB-ES-3216-2,SB-ES-3216-2,eSSL,no,no,0,0,0,0
Swing Barriers,SB-ES-3218,SB-ES-3218,SB-ES-3218,eSSL,no,no,0,0,0,0
Swing Barriers,SB-ES-3012,SB-ES-3012,SB-ES-3012,eSSL,no,no,0,0,0,0
Swing Barriers,SB-ES-3012-2,SB-ES-3012-2,SB-ES-3012-2,eSSL,no,no,0,0,0,0
Swing Barriers,SB-SPL-310,SB-SPL-310,SB-SPL-310,eSSL,no,no,0,0,0,0
Swing Barriers,SB-TL-129,SB-TL-129,SB-TL-129,eSSL,no,no,0,0,0,0
Swing Barriers,SB-E-315,SB-E-315,SB-E-315,eSSL,no,no,0,0,0,0
Hotel Lock,HL400,HL 400,HL 400,eSSL,no,no,0,0,0,0
Hotel Lock,HL500,HL 500,HL 500,eSSL,no,no,0,0,0,0
Hotel Lock,HL600,HL 600,HL 600,eSSL,no,no,0,0,0,0
Hotel Lock,HL700,HL 700,HL 700,eSSL,no,no,0,0,0,0
Hotel Lock,HLSW-MF-Grey,HL SW MF Grey,HL SW MF Grey,eSSL,no,no,0,0,0,0
Hotel Lock,HLSW-MF-Wite,HL SW MF White,HL SW MF White,eSSL,no,no,0,0,0,0
Hotel Lock,FE-1,FE 1,FE 1,eSSL,no,no,0,0,0,0
Hotel Lock,FEK-RW-69-02,FEK RW 69 02,FEK RW 69 02,eSSL,no,no,0,0,0,0
RFID Readers,UR10R-1F,UR 10 R-1F,UR 10 R-1F,eSSL,no,no,0,0,0,0
RFID Readers,U11D,U11-D,U11-D,eSSL,no,no,0,0,0,0
RFID Readers,U12I,U12-I,U12-I,eSSL,no,no,0,0,0,0
RFID Readers,U14,U14 UHF Reader,U14 UHF Reader,eSSL,no,no,0,0,0,0
Safe Lock,SAFE-50,SAFE-50,SAFE-50,eSSL,no,no,0,0,0,0
Safe Lock,SAFE-70,SAFE-70,SAFE-70,eSSL,no,no,0,0,0,0
Safe Lock,SAFE-200,SAFE-200,SAFE-200,eSSL,no,no,0,0,0,0
Safe Lock,SAFE-20,SAFE-20,SAFE-20,eSSL,no,no,0,0,0,0
Safe Lock,SAFE-25,SAFE-25,SAFE-25,eSSL,no,no,0,0,0,0
Safe Lock,SAFE-36,SAFE-36,SAFE-36,eSSL,no,no,0,0,0,0
Boom Barrier,BG180-BDC,BG 180 BDC,BG 180 BDC,eSSL,no,no,0,0,0,0
Boom Barrier,BGL-100,BGL-100,BGL-100,eSSL,no,no,0,0,0,0
Boom Barrier,Photo_Cell_PSA26,Photo Cell Wired,Photo Cell Wired,eSSL,no,no,0,0,0,0
Boom Barrier,Photo_Cell_PSA122,Photo Cell Wireless,Photo Cell Wireless,eSSL,no,no,0,0,0,0
Boom Barrier,PSA02,Single Channel Loop Detector,Single Channel Loop Detector,eSSL,no,no,0,0,0,0
Boom Barrier,PSA02-02,Dual Channel Loop Detector,Dual Channel Loop Detector,eSSL,no,no,0,0,0,0
Boom Barrier,SW01,Manual Switch,Manual Switch,eSSL,no,no,0,0,0,0
Turnstiles,et-1200,ET-1200,ET-1200,eSSL,no,no,0,0,0,0
Turnstiles,ET-1219,ET-1219,ET-1219,eSSL,no,no,0,0,0,0
Turnstiles,HHT-TL-139,HHT-TL-139,HHT-TL-139,eSSL,no,no,0,0,0,0
Turnstiles,FHT-TL-537,FHT-TL-537,FHT-TL-537,eSSL,no,no,0,0,0,0
Flap Barriers,Saturn-F1000,Saturn-F1000,Saturn-F1000,ZKTeco,no,no,0,0,0,0
Flap Barriers,FBL200,FBL 200,FBL 200,ZKTeco,no,no,0,0,0,0
Flap Barriers,FBL500,FBL 500,FBL 500,ZKTeco,no,no,0,0,0,0
Swing Barriers,Saturn S1000,Saturn S1000 & S1200,Saturn S1000 & S1200,ZKTeco,no,no,0,0,0,0
Swing Barriers,SBTL3000,SBTL 3000,SBTL 3000,ZKTeco,no,no,0,0,0,0
Swing Barriers,SBTL500,SBTL 500,SBTL 500,ZKTeco,no,no,0,0,0,0
Turnstiles,mTS1000,m TS 1000,m TS 1000,ZKTeco,no,no,0,0,0,0
Turnstiles,TS1000,TS 1000,TS 1000,ZKTeco,no,no,0,0,0,0
Turnstiles,TS200_Pro,TS 200 Pro,TS 200 Pro,ZKTeco,no,no,0,0,0,0
Turnstiles,Saturn-T1000,Saturn T 1000,Saturn T 1000,ZKTeco,no,no,0,0,0,0
